date,djia
2010-01-04,100.0
2010-01-05,99.88718778226676
2010-01-06,99.90287189293991
2010-01-07,100.2163651412137
2010-01-08,100.32341392068756
2010-01-11,100.75614420311493
2010-01-12,100.40910963382326
2010-01-13,100.91468599654573
2010-01-14,101.19605516271791
2010-01-15,100.24272578505587
2010-01-19,101.33664526320963
2010-01-20,100.18131209868521
2010-01-21,98.1662818075654
2010-01-22,96.11695433467249
2010-01-25,96.34257877013896
2010-01-26,96.31829674337395
2010-01-27,96.71389536619564
2010-01-28,95.62073174879723
2010-01-29,95.11874572466263
2010-02-01,96.23552999066516
2010-02-02,97.28731023170911
2010-02-03,97.03882100839384
2010-02-04,94.50319162203941
2010-02-05,94.59814662942793
2010-02-08,93.61703936900743
2010-02-09,95.03664035011472
2010-02-10,94.84521861382696
2010-02-11,95.84493894534752
2010-02-12,95.41929485750136
2010-02-16,97.02238103696536
2010-02-17,97.4043741661911
2010-02-18,98.1948155510792
2010-02-19,98.28410160280274
2010-02-22,98.10486812119473
2010-02-23,97.15087736537176
2010-02-24,98.01775516914276
2010-02-25,97.51576914500812
2010-02-26,97.55573528244629
2010-03-01,98.29770709639871
2010-03-02,98.3183987845759
2010-03-03,98.23128583252394
2010-03-04,98.6789443648691
2010-03-05,99.8321989123164
2010-03-08,99.70294672315468
2010-03-09,99.81500308013258
2010-03-10,99.84287544548543
2010-03-11,100.26341747323308
2010-03-12,100.38482760705824
2010-03-15,100.54979421690938
2010-03-16,100.9639114282367
2010-03-17,101.41449892100876
2010-03-18,101.84439472560364
2010-03-19,101.49301395696884
2010-03-22,101.90788702905151
2010-03-23,102.88049085597453
2010-03-24,102.38275654858862
2010-03-25,102.43056474136334
2010-03-26,102.51701631525442
2010-03-29,102.9469121198493
2010-03-30,103.05613399899471
2010-03-31,102.57625690195351
2010-04-01,103.24179229702305
2010-04-05,103.68094739587072
2010-04-06,103.64731159225849
2010-04-07,102.96259623052242
2010-04-08,103.24179229702305
2010-04-09,103.90581597058191
2010-04-12,103.98725996696888
2010-04-13,104.11433905645904
2010-04-14,105.09402907796327
2010-04-15,105.29678872558095
2010-04-16,104.10715837928338
2010-04-19,104.80056613970574
2010-04-20,105.0368671083413
2010-04-21,105.11113042755264
2010-04-22,105.19966061852087
2010-04-23,105.86094429684164
2010-04-26,105.86803049142289
2010-04-27,103.85517329997471
2010-04-28,104.35857656302557
2010-04-29,105.51173662787843
2010-04-30,104.01220337189486
2010-05-03,105.3653830891273
2010-05-04,103.23895781919056
2010-05-05,102.68481740293804
2010-05-06,99.39871276913368
2010-05-07,98.07699575584186
2010-05-10,101.90080083447027
2010-05-11,101.55234902626239
2010-05-12,102.95683279226299
2010-05-13,101.88010914629308
2010-05-14,100.34202699178759
2010-05-17,100.39559862282171
2010-05-18,99.3101825781655
2010-05-19,98.6811174645407
2010-05-20,95.12517054108292
2010-05-21,96.30979330987644
2010-05-24,95.11156504748695
2010-05-25,94.8959557670286
2010-05-26,94.24119138772257
2010-05-27,96.92959912924843
2010-05-28,95.77351010396863
2010-06-01,94.70954160824492
2010-06-02,96.84031307752487
2010-06-03,96.89454608671991
2010-06-04,93.83982932664145
2010-06-07,92.7487443263202
2010-06-08,93.91550988476904
2010-06-09,93.5306822777108
2010-06-10,96.11270261792373
2010-06-11,96.47683853680478
2010-06-14,96.28617266127236
2010-06-15,98.30696639065151
2010-06-16,98.35127872743284
2010-06-17,98.58474521823594
2010-06-18,98.7403580512398
2010-06-21,98.66259887603506
2010-06-22,97.25584752776844
2010-06-23,97.30233296422135
2010-06-24,95.92628845914007
2010-06-25,95.84134860675968
2010-06-28,95.79136731431335
2010-06-29,93.25715516687515
2010-06-30,92.34747674783353
2010-07-01,91.95546846359966
2010-07-02,91.52037611631184
2010-07-06,92.0602496608075
2010-07-07,94.65530859904987
2010-07-08,95.79580799625093
2010-07-09,96.35363323368573
2010-07-12,96.52596948590131
2010-07-13,97.91250155896282
2010-07-14,97.9474601188969
2010-07-15,97.87744851643431
2010-07-16,95.40757901579373
2010-07-19,95.94168912202996
2010-07-20,96.65531615765744
2010-07-21,95.62139312695815
2010-07-22,97.527768434499
2010-07-23,98.4945143405682
2010-07-26,99.44699337488049
2010-07-27,99.56282903563508
2010-07-28,99.18669382726314
2010-07-29,98.89644329721581
2010-07-30,98.88491642069698
2010-08-02,100.8543116187136
2010-08-03,100.49527775993107
2010-08-04,100.91147358833557
2010-08-05,100.85998057437858
2010-08-06,100.65759885713854
2010-08-09,101.0845657013065
2010-08-10,100.56963556173682
2010-08-11,98.06187854073522
2010-08-12,97.50556502481115
2010-08-13,97.34683426619148
2010-08-16,97.33606325042801
2010-08-17,98.31717051084853
2010-08-18,98.40872414483806
2010-08-19,97.04505685962532
2010-08-20,96.50093159838094
2010-08-23,96.13046534567404
2010-08-24,94.86477651087118
2010-08-25,95.05005687852184
2010-08-26,94.34852361497965
2010-08-27,95.90597470134053
2010-08-30,94.57452598082382
2010-08-31,94.62167279543765
2010-09-01,97.02861688819686
2010-09-02,97.5069822637274
2010-09-03,98.71475326815296
2010-09-07,97.70152192563087
2010-09-08,98.13916530296791
2010-09-09,98.40588966700555
2010-09-10,98.85496543826694
2010-09-13,99.62367582643923
2010-09-14,99.45700852988865
2010-09-15,99.89389604647032
2010-09-16,100.10270258013071
2010-09-17,100.2257189180609
2010-09-20,101.60299169686962
2010-09-21,101.67300329933222
2010-09-22,101.46778710425966
2010-09-23,100.7413104357915
2010-09-24,102.61055408372671
2010-09-27,102.15495901345056
2010-09-28,102.5905237737104
2010-09-29,102.37453656287441
2010-09-30,101.92829526944547
2010-10-01,102.32162631000121
2010-10-04,101.58078828718176
2010-10-05,103.40855407616807
2010-10-06,103.62520266516505
2010-10-07,103.44502435761284
2010-10-08,103.99207857928414
2010-10-11,104.02854886072888
2010-10-12,104.12359835071184
2010-10-13,104.83864262525556
2010-10-14,104.8243757534987
2010-10-15,104.52401558584879
2010-10-18,105.28847425727234
2010-10-19,103.72885007123988
2010-10-20,104.95098243001677
2010-10-21,105.31568524446426
2010-10-22,105.18331512968682
2010-10-25,105.48084081950424
2010-10-26,105.53195590308351
2010-10-27,105.1239800603933
2010-10-28,105.0074830214778
2010-10-29,105.05037811934284
2010-11-01,105.10829594972016
2010-11-02,105.71392937992962
2010-11-03,105.96345791178351
2010-11-04,108.03933499370744
2010-11-05,108.12663691094828
2010-11-08,107.77478372934141
2010-11-09,107.20703781949291
2010-11-10,107.30426040914743
2010-11-11,106.60565610603216
2010-11-12,105.7503996613744
2010-11-15,105.83911881753143
2010-11-16,104.15288795498094
2010-11-17,104.00530614250245
2010-11-18,105.6431619167117
2010-11-19,105.85404706744923
2010-11-22,105.61812402919136
2010-11-23,104.27448705399492
2010-11-24,105.70032388633369
2010-11-26,104.80009372673366
2010-11-29,104.42679299619422
2010-11-30,103.98773237994101
2010-12-01,106.34752965808642
2010-12-02,107.35499756234907
2010-12-03,107.54093930816065
2010-12-06,107.35291894527192
2010-12-07,107.32429071916373
2010-12-08,107.45014153492643
2010-12-09,107.42727674707766
2010-12-10,107.80766367219832
2010-12-13,107.97999992441393
2010-12-14,108.43332741242409
2010-12-15,108.25314910487191
2010-12-16,108.64789738434385
2010-12-17,108.57854716004219
2010-12-20,108.4483501449363
2010-12-21,108.96828786201007
2010-12-22,109.2170605331086
2010-12-23,109.34933616529163
2010-12-27,109.17492129599886
2010-12-28,109.36870509714704
2010-12-29,109.4616759700528
2010-12-30,109.31362174460222
2010-12-31,109.38731816824705
2011-01-03,110.26827387858609
2011-01-04,110.46130181897892
2011-01-05,110.7609061258735
2011-01-06,110.51921964935622
2011-01-07,110.30616139894708
2011-01-10,109.9536468391793
2011-01-11,110.27895041175516
2011-01-12,111.06844697069906
2011-01-13,110.84603494344273
2011-01-14,111.37022437726525
2011-01-18,111.84783389204044
2011-01-19,111.72840789269802
2011-01-20,111.70488172668831
2011-01-21,112.16822436970664
2011-01-24,113.19506120582469
2011-01-25,113.163598501884
2011-01-26,113.24154664227757
2011-01-27,113.28302450122641
2011-01-28,111.7133851601858
2011-01-31,112.35803990188928
2011-02-01,113.75855539892441
2011-02-02,113.7756567485138
2011-02-03,113.9673619325848
2011-02-04,114.24977040729559
2011-02-07,114.90623547330108
2011-02-08,115.5819749885676
2011-02-09,115.64565625720431
2011-02-10,115.54550470712287
2011-02-11,115.96094467477201
2011-02-14,115.91304199940286
2011-02-15,115.5204668196025
2011-02-16,116.10181822304699
2011-02-17,116.38498255851307
2011-02-18,117.0757448062918
2011-02-22,115.38960842633571
2011-02-23,114.37855018348522
2011-02-24,114.02631907150065
2011-02-25,114.6116387439106
2011-02-28,115.51763234177
2011-03-01,113.92730131255222
2011-03-02,114.01025703044985
2011-03-03,115.81865388758085
2011-03-04,114.98418361369471
2011-03-07,114.22974009727928
2011-03-08,115.40463115884792
2011-03-09,115.3924429041682
2011-03-10,113.23370458694099
2011-03-11,113.798616018957
2011-03-14,113.31448720516708
2011-03-15,112.0130839496748
2011-03-16,109.72547137366355
2011-03-17,111.24938113900656
2011-03-18,112.0423735539439
2011-03-21,113.72425821715125
2011-03-22,113.55513437314579
2011-03-23,114.19185257691828
2011-03-24,114.99060843011502
2011-03-25,115.46330484998056
2011-03-28,115.24873487806076
2011-03-29,116.01527216656149
2011-03-30,116.6917675425833
2011-03-31,116.4000052910253
2011-04-01,116.9384615966047
2011-04-04,117.15870052418943
2011-04-05,117.10078269381216
2011-04-06,117.41115801647022
2011-04-07,117.24808105850741
2011-04-08,116.96992430054537
2011-04-11,116.9799394555535
2011-04-12,115.86948552337692
2011-04-13,115.93949712583948
2011-04-14,116.0732844795332
2011-04-15,116.60881182468569
2011-04-18,115.28378792058928
2011-04-19,115.89943650580692
2011-04-20,117.6642768869119
2011-04-21,118.15983809462622
2011-04-25,117.91314404060483
2011-04-26,119.00432352352051
2011-04-27,119.9074826435474
2011-04-28,120.59106421415045
2011-04-29,121.0373055075794
2011-05-02,121.00726004255499
2011-05-03,121.00867728147121
2011-05-04,120.21568486653388
2011-05-05,118.89850301777409
2011-05-06,119.41409453550466
2011-05-09,119.84814757425389
2011-05-10,120.56319184879764
2011-05-11,119.33180019576794
2011-05-12,119.95434601037798
2011-05-13,119.00791386210834
2011-05-16,118.56025532976318
2011-05-17,117.91030956277235
2011-05-18,118.671839273769
2011-05-19,119.09833370496487
2011-05-20,118.21700006424818
2011-05-23,116.98135669446975
2011-05-24,116.74467779545652
2011-05-25,117.10796337098782
2011-05-26,117.18449427246513
2011-05-27,117.55127570398982
2011-05-31,118.76263704700321
2011-06-01,116.120431294147
2011-06-02,115.72747818396894
2011-06-03,114.80825702289124
2011-06-06,114.22907871911836
2011-06-07,114.04814455081085
2011-06-08,113.84151111682208
2011-06-09,114.55409884391099
2011-06-10,112.9247465031992
2011-06-13,112.93476165820732
2011-06-14,114.0982203258516
2011-06-15,112.40849360730766
2011-06-16,113.01554427643343
2011-06-17,113.42030771091352
2011-06-20,114.13856439366741
2011-06-21,115.174377076255
2011-06-22,114.4153039127132
2011-06-23,113.8515262718302
2011-06-24,112.76100816707546
2011-06-27,113.79067948102602
2011-06-28,115.16190537379204
2011-06-29,115.84907728298296
2011-06-30,117.29390511679941
2011-07-01,118.88527545455578
2011-07-05,118.76339290775854
2011-07-06,119.29391267540693
2011-07-07,120.17704148541756
2011-07-08,119.58850940479746
2011-07-11,118.15766499495464
2011-07-12,117.60135147903051
2011-07-13,118.02397212385536
2011-07-14,117.50913646688008
2011-07-15,117.9117268016886
2011-07-18,117.0182049062922
2011-07-19,118.92920986095943
2011-07-20,118.7826673570195
2011-07-21,120.22352692187046
2011-07-22,119.81488970101928
2011-07-25,118.98004149675549
2011-07-26,118.11552575784486
2011-07-27,116.23768419381781
2011-07-28,115.64773487428148
2011-07-29,114.73248198216923
2011-08-01,114.63091319317157
2011-08-02,112.11890445542124
2011-08-03,112.40065155197114
2011-08-04,107.55596204067288
2011-08-05,108.13164448845235
2011-08-08,102.13426732527336
2011-08-09,106.19626302442566
2011-08-10,101.28477431887501
2011-08-11,105.28488391868451
2011-08-12,106.4726246130938
2011-08-15,108.49341834247295
2011-08-16,107.76618581324949
2011-08-17,107.80662436365972
2011-08-18,103.84185125416195
2011-08-19,102.2079637489182
2011-08-22,102.55754934825909
2011-08-23,105.60092819700756
2011-08-24,106.96100514363243
2011-08-25,105.34639208764963
2011-08-26,106.61926159962812
2011-08-29,109.0258277620097
2011-08-30,109.22140673245177
2011-08-31,109.72764447333515
2011-09-01,108.59423127071531
2011-09-02,106.20089267155205
2011-09-06,105.24699639832352
2011-09-07,107.8505587700634
2011-09-08,106.72574348353548
2011-09-09,103.85649605629652
2011-09-12,104.50833147517568
2011-09-13,104.93095212000048
2011-09-14,106.2620229101395
2011-09-15,108.02365088303435
2011-09-16,108.74086825724967
2011-09-19,107.7197003767966
2011-09-20,107.7919795615252
2011-09-21,105.11037456679729
2011-09-22,101.41601064251944
2011-09-23,101.7717376104974
2011-09-26,104.34525451721287
2011-09-27,105.73254245102969
2011-09-28,104.0338398860162
2011-09-29,105.38569684692686
2011-09-30,103.11244562526691
2011-10-03,100.674038828567
2011-10-04,102.12349630950985
2011-10-05,103.36348587863144
2011-10-06,105.09610769504043
2011-10-07,104.90515837172478
2011-10-10,108.02365088303435
2011-10-11,107.86416426365936
2011-10-12,108.83308326940012
2011-10-13,108.4483501449363
2011-10-14,110.02016258564848
2011-10-17,107.68181285643558
2011-10-18,109.3829719689039
2011-10-19,108.69863453754552
2011-10-20,109.04973185839704
2011-10-21,111.57251161191088
2011-10-24,112.5629726491786
2011-10-25,110.60718294475794
2011-10-26,112.14176924327002
2011-10-27,115.34954780630314
2011-10-28,115.56270053930666
2011-10-31,112.9540361074683
2011-11-01,110.14743064032743
2011-11-02,111.82997668169571
2011-11-03,113.7992773971179
2011-11-04,113.22076047150594
2011-11-07,114.02527976296206
2011-11-08,114.98701809152719
2011-11-09,111.30937758646105
2011-11-10,112.37561366445075
2011-11-11,114.83112181074006
2011-11-14,114.12533683044909
2011-11-15,114.28765792765657
2011-11-16,112.48710312586216
2011-11-17,111.21291085756182
2011-11-18,111.45318009516286
2011-11-21,109.10198073310934
2011-11-22,108.59564850963154
2011-11-23,106.36425307729813
2011-11-25,106.12077143148692
2011-11-28,108.87238802867736
2011-11-29,109.18059025166384
2011-11-30,113.81070979104231
2011-12-01,113.5683619363641
2011-12-02,113.56259849810469
2011-12-05,114.30343652092412
2011-12-06,114.7975804897222
2011-12-07,115.2344680063039
2011-12-08,113.35738230303215
2011-12-09,115.12004958446556
2011-12-12,113.58121156920471
2011-12-13,112.95337472930737
2011-12-14,111.71130654310863
2011-12-15,112.13959614359842
2011-12-16,112.11673135574965
2011-12-19,111.17067713785768
2011-12-20,114.35776401271356
2011-12-21,114.39706877199085
2011-12-22,114.98201051402309
2011-12-23,116.15690157559177
2011-12-27,116.1318636880714
2011-12-28,114.8096742618075
2011-12-29,116.09114168987792
2011-12-30,115.43467662387236
2012-01-03,117.13366263666909
2012-01-04,117.33245401532129
2012-01-05,117.30675474964005
2012-01-06,116.77973083798504
2012-01-09,117.08935029988777
2012-01-10,117.7486498437258
2012-01-11,117.62563350579558
2012-01-12,117.82943246195187
2012-01-13,117.36684567968891
2012-01-17,117.93383572878204
2012-01-18,118.8491831034887
2012-01-19,119.274638226146
2012-01-20,120.18639526226481
2012-01-23,120.0762285571752
2012-01-24,119.76377461743999
2012-01-25,120.53106776669605
2012-01-26,120.32008813336408
2012-01-27,119.6193107305772
2012-01-30,119.55562946194051
2012-01-31,119.35901118295988
2012-02-01,120.14841325930936
2012-02-02,120.0440099924792
2012-02-03,121.52568603811808
2012-02-06,121.36412080166592
2012-02-07,121.67657474140115
2012-02-08,121.73090223319059
2012-02-09,121.79241040215572
2012-02-10,120.9493422121777
2012-02-13,121.63726998212393
2012-02-14,121.67733060215649
2012-02-15,120.7577315107011
2012-02-16,121.92109569575094
2012-02-17,122.35373149558392
2012-02-21,122.50320295995073
2012-02-22,122.24791098983745
2012-02-23,122.682719889342
2012-02-24,122.66627991791356
2012-02-27,122.65267442431757
2012-02-28,122.87574782973482
2012-02-29,122.37451766635552
2012-03-01,122.64124203039316
2012-03-02,122.61544828211748
2012-03-05,122.47599197275879
2012-03-06,120.55175945487322
2012-03-07,121.29042437802109
2012-03-08,121.95756597719569
2012-03-09,122.09059747013409
2012-03-12,122.44670236848968
2012-03-13,124.50613947898519
2012-03-14,124.66127989901699
2012-03-15,125.21551479786396
2012-03-16,125.0252268527092
2012-03-19,125.08673502167431
2012-03-20,124.43537201576729
2012-03-21,124.0048148330115
2012-03-22,123.26331543203109
2012-03-23,123.59013072611765
2012-03-26,125.11035567027841
2012-03-27,124.69557708079016
2012-03-28,124.01983756552369
2012-03-29,124.20511793317436
2012-03-30,124.83078167340014
2012-04-02,125.32634288111444
2012-04-03,124.71277291297396
2012-04-04,123.53363013465662
2012-04-05,123.39559106421416
2012-04-09,122.16212079410734
2012-04-10,120.1434056818053
2012-04-11,120.98864697145493
2012-04-12,122.70057709968671
2012-04-13,121.40626003877566
2012-04-16,122.08483403187466
2012-04-17,123.9190246372813
2012-04-18,123.13680323810749
2012-04-19,122.4881802274385
2012-04-20,123.10382881265612
2012-04-23,122.13925600625856
2012-04-24,122.84211202612256
2012-04-25,123.68451883793968
2012-04-26,124.76067558834312
2012-04-27,124.9845048545157
2012-04-30,124.84580440591236
2012-05-01,125.46646056863408
2012-05-02,125.36489177963637
2012-05-03,124.77928865944315
2012-05-04,123.18895763022536
2012-05-07,122.90796639443084
2012-05-08,122.18574144271143
2012-05-09,121.26897682908856
2012-05-10,121.45775305273266
2012-05-11,121.13235499756235
2012-05-14,119.94896050249625
2012-05-15,119.350413266868
2012-05-16,119.03436898854494
2012-05-17,117.55987362008172
2012-05-18,116.86911137230301
2012-05-21,118.14557122286932
2012-05-22,118.12979262960177
2012-05-23,118.06686722172041
2012-05-24,118.38432873895971
2012-05-25,117.67646514159162
2012-05-29,118.86562307491717
2012-05-30,117.34605950891728
2012-05-31,117.09653097706342
2012-06-01,114.49939342174385
2012-06-04,114.33773370269728
2012-06-05,114.5880180953065
2012-06-06,117.29815683354812
2012-06-07,117.7343829719689
2012-06-08,118.61533868230795
2012-06-11,117.26452102993588
2012-06-12,118.80052456736419
2012-06-13,118.069040321392
2012-06-14,119.53852811235113
2012-06-15,120.62753449559523
2012-06-18,120.3880211187495
2012-06-19,121.29042437802109
2012-06-20,121.1681639008462
2012-06-21,118.79835146769264
2012-06-22,119.43336898476565
2012-06-25,118.12837539068556
2012-06-26,118.43081417541259
2012-06-27,119.30326645225418
2012-06-28,119.06942203107344
2012-06-29,121.69443195174586
2012-07-02,121.61223209460354
2012-07-03,122.29656952596191
2012-07-05,121.85108409328836
2012-07-06,120.67761027063595
2012-07-09,120.33577224403723
2012-07-10,119.54996050627555
2012-07-11,119.09086958000601
2012-07-12,118.79551698986015
2012-07-13,120.72126122925636
2012-07-16,120.24998204830706
2012-07-17,120.99006421037114
2012-07-18,121.96474665437135
2012-07-19,122.29222332661878
2012-07-20,121.15096806866241
2012-07-23,120.1956545565176
2012-07-24,119.21171281826464
2012-07-25,119.76660909527249
2012-07-26,121.76850630576835
2012-07-27,123.5422280507485
2012-07-30,123.51719016322815
2012-07-31,122.90938363334705
2012-08-01,122.55394011315235
2012-08-02,121.68299955782149
2012-08-03,123.73601185189665
2012-08-06,123.93763770838137
2012-08-07,124.42034928325505
2012-08-08,124.48686502972424
2012-08-09,124.38813071855905
2012-08-10,124.79213829228382
2012-08-13,124.42819133859163
2012-08-14,124.45379612167848
2012-08-15,124.38425693218798
2012-08-16,125.19047691034359
2012-08-17,125.42753373973447
2012-08-20,125.39389793612223
2012-08-21,124.75084939852378
2012-08-22,124.45965404253228
2012-08-23,123.37026972891054
2012-08-24,124.31991428539035
2012-08-27,124.00528724598357
2012-08-28,123.80044898128868
2012-08-29,123.84287166618168
2012-08-30,122.83408100559713
2012-08-31,123.68565262907269
2012-09-04,123.16694318572634
2012-09-05,123.27597609968292
2012-09-06,125.58626449835413
2012-09-07,125.7245870165798
2012-09-10,125.22997063480969
2012-09-11,125.88256191444414
2012-09-12,125.97695002626615
2012-09-13,127.92811008356043
2012-09-14,128.43368644628288
2012-09-17,128.0532050385678
2012-09-18,128.1622379525244
2012-09-19,128.28808876828708
2012-09-20,128.46732224989515
2012-09-21,128.302355640044
2012-09-24,128.1081939085182
2012-09-25,127.15042384891858
2012-09-26,126.7343225031085
2012-09-27,127.41894338225012
2012-09-28,126.95749039112015
2012-10-01,127.69426566237968
2012-10-02,127.38483516566579
2012-10-03,127.50057634382595
2012-10-04,128.26352329373884
2012-10-05,128.59222823971368
2012-10-08,128.34184936451007
2012-10-09,127.30140703479609
2012-10-10,126.08673880097808
2012-10-11,125.9111901405523
2012-10-12,125.93443285877876
2012-10-15,126.83560784432294
2012-10-16,128.04073333610486
2012-10-17,128.0900532503902
2012-10-18,128.01390027929057
2012-10-19,126.0729443421933
2012-10-22,126.0954311996644
2012-10-23,123.79610278194552
2012-10-24,123.5581011266105
2012-10-25,123.80696828030342
2012-10-26,123.84032063613243
2012-10-31,123.73875184713472
2012-11-01,125.0252268527092
2012-11-02,123.70757259097729
2012-11-05,123.88973503301224
2012-11-06,125.1486211210171
2012-11-07,122.19178832875409
2012-11-08,121.04467514994387
2012-11-09,121.08312956587136
2012-11-12,121.08020060544445
2012-11-13,120.52369812433157
2012-11-14,118.77359702795552
2012-11-15,118.50366025570769
2012-11-16,118.93761881186249
2012-11-19,120.89954988492019
2012-11-20,120.82916035207994
2012-11-21,121.28626714386677
2012-11-23,122.91883189278872
2012-11-26,122.51907603581269
2012-11-27,121.6759133632402
2012-11-28,122.68668815830749
2012-11-29,123.03353376241027
2012-11-30,123.06905921791088
2012-12-03,122.50235261660102
2012-12-04,122.37177767111744
2012-12-05,123.15324320953596
2012-12-06,123.52692187045305
2012-12-07,124.29308122857607
2012-12-10,124.43244305534037
2012-12-11,125.17469831707605
2012-12-12,125.14644802134552
2012-12-13,124.44037959327132
2012-12-14,124.1029822486102
2012-12-17,125.05139853136257
2012-12-18,126.1433338750335
2012-12-19,125.20805067290505
2012-12-20,125.77258417454338
2012-12-21,124.63047857323727
2012-12-24,124.1414366645377
2012-12-26,123.91004879081177
2012-12-27,123.73733460821848
2012-12-28,122.24261996455013
2012-12-31,123.81131447964657
2013-01-02,126.72525217404451
2013-01-03,126.52504355647604
2013-01-04,126.93934973299218
2013-01-07,126.45824436222358
2013-01-08,125.93443285877876
2013-01-09,126.51701253595064
2013-01-10,127.27958155548583
2013-01-11,127.44218610047658
2013-01-14,127.6206637213293
2013-01-15,127.88115223413544
2013-01-16,127.6576064157461
2013-01-17,128.45872433380322
2013-01-18,128.96590690063078
2013-01-22,129.55651759832804
2013-01-23,130.19068477205133
2013-01-24,130.625304706367
2013-01-25,131.29282423591926
2013-01-28,131.16007619076416
2013-01-29,131.84498051768907
2013-01-30,131.42925710225663
2013-01-31,130.958355851685
2013-02-01,132.36813064297294
2013-02-04,131.1425969107971
2013-02-05,132.08005321259716
2013-02-06,132.14826964576588
2013-02-07,131.74700206727914
2013-02-08,132.20921091916443
2013-02-11,132.00390024149752
2013-02-12,132.45231463459805
2013-02-13,132.11416142918154
2013-02-14,132.02421399929705
2013-02-15,132.10329593082363
2013-02-19,132.61265159732278
2013-02-20,131.5910113038976
2013-02-21,131.1476989708956
2013-02-22,132.28101769092098
2013-02-25,130.23641434774888
2013-02-26,131.3320345126021
2013-02-27,132.98774749715608
2013-02-28,132.79046784001451
2013-03-01,133.1227631245772
2013-03-04,133.4833087048704
2013-03-05,134.6733169815457
2013-03-06,135.07458456003238
2013-03-07,135.3887391864671
2013-03-08,136.0272525595335
2013-03-11,136.50174414869295
2013-03-12,136.5279158273463
2013-03-13,136.5772357416317
2013-03-14,137.36956677840806
2013-03-15,137.1330768445837
2013-03-18,136.5468123462296
2013-03-19,136.5823378017302
2013-03-20,137.11058998711258
2013-03-21,136.25797905509847
2013-03-22,137.1134244649451
2013-03-25,136.50609034803608
2013-03-26,137.56335057955624
2013-03-27,137.24692837085553
2013-03-28,137.74182820040895
2013-04-01,137.68806760418593
2013-04-02,138.5304744160031
2013-04-03,137.47548176674894
2013-04-04,138.0023167132151
2013-04-05,137.61626083242942
2013-04-08,138.07195038530006
2013-04-09,138.63865698660993
2013-04-10,139.85540383750507
2013-04-11,140.44969935638457
2013-04-12,140.44894349562924
2013-04-15,137.93702924047332
2013-04-16,139.42588596328787
2013-04-17,138.12023099104684
2013-04-18,137.35067025952478
2013-04-19,137.4486487099347
2013-04-22,137.63440149055742
2013-04-23,139.07327692092565
2013-04-24,138.6654900434242
2013-04-25,138.8969723997445
2013-04-26,139.00798944818388
2013-04-29,140.01139460088666
2013-04-30,140.21028046213328
2013-05-01,138.8983896386608
2013-05-02,140.13261576952294
2013-05-03,141.47785894882446
2013-05-06,141.4299562734553
2013-05-07,142.2548838053054
2013-05-08,142.71709265719068
2013-05-09,142.5045068197537
2013-05-10,142.8434158859255
2013-05-13,142.590108050295
2013-05-14,143.75762946949914
2013-05-15,144.3286822701522
2013-05-16,143.9274146916655
2013-05-17,145.0723547708041
2013-05-20,144.89170405027988
2013-05-21,145.38584801907794
2013-05-22,144.62611347737518
2013-05-23,144.50640403024957
2013-05-24,144.58765906144777
2013-05-28,145.59191455750022
2013-05-29,144.58482458361522
2013-05-30,144.7901352612822
2013-05-31,142.8158269683559
2013-06-03,144.12403297064614
2013-06-04,143.4013356059547
2013-06-05,141.35153572008966
2013-06-06,142.10767992320456
2013-06-07,144.06819375734605
2013-06-10,143.97815184486714
2013-06-11,142.87676824175452
2013-06-12,141.67882342714825
2013-06-13,143.38754114716988
2013-06-14,142.3869704722996
2013-06-17,143.42316108526492
2013-06-18,144.73061122679982
2013-06-19,142.78389185144312
2013-06-20,139.44043628282802
2013-06-21,139.8285707806908
2013-06-24,138.50732618037105
2013-06-25,139.45923831911685
2013-06-26,140.8748710312586
2013-06-27,141.95527949841082
2013-06-28,140.8697689711601
2013-07-01,141.4873072082661
2013-07-02,141.08528376902407
2013-07-03,141.61570905407802
2013-07-05,143.00734318723806
2013-07-08,143.84682103862826
2013-07-09,144.56158186538875
2013-07-10,144.4795709734353
2013-07-11,146.07878336652826
2013-07-12,146.11071848344102
2013-07-15,146.29930574189623
2013-07-16,145.9930876533925
2013-07-17,146.16948665716802
2013-07-18,146.90663985880522
2013-07-19,146.86128821348532
2013-07-22,146.87838956307468
2013-07-23,147.0880464400848
2013-07-24,146.84711582432288
2013-07-25,146.97343905305766
2013-07-26,147.00386244845976
2013-07-29,146.6555996054407
2013-07-30,146.64256100741122
2013-07-31,146.4436751461646
2013-08-01,147.65758751922718
2013-08-02,147.94424771068674
2013-08-05,147.50745467669947
2013-08-06,146.62508172744418
2013-08-07,146.1709038960843
2013-08-08,146.43214826964578
2013-08-09,145.74422049969954
2013-08-12,145.68913714715478
2013-08-13,145.98515111546155
2013-08-14,144.91419090775102
2013-08-15,142.78389185144312
2013-08-16,142.49364132139573
2013-08-19,141.82536593108819
2013-08-20,141.75214192041543
2013-08-21,140.7559174448883
2013-08-22,141.38129773733084
2013-08-23,141.82319283141658
2013-08-26,141.2180318141792
2013-08-27,139.6087097834837
2013-08-28,140.0658165752705
2013-08-29,140.2211459604912
2013-08-30,139.93165129119913
2013-09-03,140.15510262699408
2013-09-04,141.07073344948395
2013-09-05,141.1331864443932
2013-09-06,140.9916515179574
2013-09-09,142.3202657606416
2013-09-10,143.52907607360572
2013-09-11,144.80969315832638
2013-09-12,144.5644163432213
2013-09-13,145.27700407031014
2013-09-16,146.39870143122238
2013-09-17,146.72891809870788
2013-09-18,148.11979637111253
2013-09-19,147.73818117226446
2013-09-20,145.98590697621685
2013-09-23,145.51623399937262
2013-09-24,144.88518475126511
2013-09-25,144.30572299970905
2013-09-26,144.82575519937714
2013-09-27,144.16381014289547
2013-09-30,142.9490474264831
2013-10-01,143.5351229596484
2013-10-02,142.98183288674562
2013-10-03,141.69063375145032
2013-10-04,142.40964629495951
2013-10-07,141.12147060268558
2013-10-08,139.61248908726037
2013-10-09,139.86239554949188
2013-10-10,142.91503369249318
2013-10-11,143.96416842089354
2013-10-14,144.5702742640751
2013-10-15,143.31129369347582
2013-10-16,145.2559344517553
2013-10-17,145.23533724617252
2013-10-18,145.4998885105386
2013-10-21,145.4294989776984
2013-10-22,146.1424646351649
2013-10-23,145.62914069970032
2013-10-24,146.5350398149653
2013-10-25,147.1120450190666
2013-10-28,147.0992898688204
2013-10-29,148.15201493580855
2013-10-30,147.5700966367976
2013-10-31,146.88027921496302
2013-11-01,147.53976772398985
2013-11-04,147.7624631990295
2013-11-05,147.5649945766991
2013-11-06,148.78060763646118
2013-11-07,147.3359687678336
2013-11-08,148.92138670214175
2013-11-11,149.12282359343763
2013-11-12,148.81641653974506
2013-11-13,149.48686502972424
2013-11-14,150.00264551264362
2013-11-15,150.81028272971554
2013-11-18,150.9455818049199
2013-11-19,150.8606419525395
2013-11-20,150.23507269490815
2013-11-21,151.2665391781526
2013-11-22,151.78411483036595
2013-11-25,151.85752780622758
2013-11-26,151.8599843536824
2013-11-27,152.09175015778598
2013-11-29,151.98857516468314
2013-12-02,151.25501230163383
2013-12-03,150.36545867520292
2013-12-04,150.13066942807797
2013-12-05,149.48573123859126
2013-12-06,151.36300590705184
2013-12-09,151.4133651298758
2013-12-10,150.91827633513358
2013-12-11,149.6937819114963
2013-12-12,148.71021810362097
2013-12-13,148.86072887652642
2013-12-16,150.0815384789814
2013-12-17,149.99357518357968
2013-12-18,152.75917520474374
2013-12-19,152.86414536714045
2013-12-20,153.2615391592561
2013-12-23,153.9557027804338
2013-12-24,154.55037622969098
2013-12-26,155.7061818071875
2013-12-27,155.69229286580827
2013-12-30,155.9368138201581
2013-12-31,156.62058435594997
2014-01-02,155.3421403709009
2014-01-03,155.61273852130964
2014-01-06,155.1886061549741
2014-01-07,156.1886099342779
2014-01-08,155.5442386403577
2014-01-09,155.37435893559692
2014-01-10,155.3015128553018
2014-01-13,153.6092351067086
2014-01-14,154.70447734118426
2014-01-15,155.72564522163728
2014-01-16,155.1121697360912
2014-01-17,155.50474491589162
2014-01-21,155.08788770932614
2014-01-22,154.69956424627458
2014-01-23,153.03676506713938
2014-01-24,150.02995098243005
2014-01-27,149.64039924565097
2014-01-28,150.4971674118194
2014-01-29,148.7041712175783
2014-01-30,149.74177906945985
2014-01-31,148.32680773547898
2014-02-03,145.24620274453042
2014-02-04,145.93063465848326
2014-02-05,145.88329887868056
2014-02-06,147.66240613154247
2014-02-07,149.22656548210688
2014-02-10,149.299411562402
2014-02-11,151.12273666945075
2014-02-12,150.83144683086485
2014-02-13,151.4328285443256
2014-02-14,152.63086784152625
2014-02-18,152.40420409752116
2014-02-19,151.55537246928372
2014-02-20,152.430942671741
2014-02-21,152.14815626665256
2014-02-24,153.12926352707305
2014-02-25,152.86962535761663
2014-02-26,153.04678022214748
2014-02-27,153.74821900309524
2014-02-28,154.21175061130242
2014-03-03,152.75974210031032
2014-03-04,154.91252801408925
2014-03-05,154.57522515202248
2014-03-06,155.15827724216646
2014-03-07,155.44956708075242
2014-03-10,155.12794832935882
2014-03-11,154.49085219520862
2014-03-12,154.3853151372454
2014-03-13,152.20097203693138
2014-03-14,151.79261826386346
2014-03-17,153.5079497654942
2014-03-18,154.34856140801742
2014-03-19,153.271270866481
2014-03-20,154.29999735448737
2014-03-21,154.03280057747762
2014-03-24,153.78638997123952
2014-03-25,154.64797674972314
2014-03-26,153.71363837353883
2014-03-27,153.66866465859658
2014-03-28,154.22450576154858
2014-03-31,155.49624148239408
2014-04-01,156.20438852754552
2014-04-02,156.58600372639353
2014-04-03,156.58175200964482
2014-04-04,155.07154222049215
2014-04-07,153.49519461524798
2014-04-08,153.59222823971368
2014-04-09,155.30274112902922
2014-04-10,152.7804337884875
2014-04-11,151.4248920063946
2014-04-14,152.80896753200125
2014-04-15,153.65288606532906
2014-04-16,155.18624409011372
2014-04-17,155.0321429786205
2014-04-21,155.41678162048987
2014-04-22,156.03205227532985
2014-04-23,155.91187041523213
2014-04-24,155.91187041523213
2014-04-25,154.58731892410782
2014-04-28,155.4119630081747
2014-04-29,156.23046572360442
2014-04-30,156.66007808041604
2014-05-01,156.4524998204831
2014-05-02,156.01806885135622
2014-05-05,156.1849251130957
2014-05-06,154.9610920676193
2014-05-07,156.07145151720152
2014-05-08,156.3778585708941
2014-05-09,156.6836987290201
2014-05-12,157.74313206021188
2014-05-13,157.93181380126154
2014-05-14,156.97309891571774
2014-05-15,155.39372786745233
2014-05-16,155.81417541260552
2014-05-19,156.0083371441313
2014-05-20,154.70872905793297
2014-05-21,156.20864024429423
2014-05-22,156.3033118038995
2014-05-23,156.9003473180171
2014-05-27,157.55445031916219
2014-05-28,157.15459997959178
2014-05-29,157.7740278685861
2014-05-30,157.9481592900956
2014-06-02,158.19816023492154
2014-06-03,157.9970067914089
2014-06-04,158.1405258523275
2014-06-05,159.0719352680849
2014-06-06,159.9049883030548
2014-06-09,160.08280454574657
2014-06-10,160.10944863737203
2014-06-11,159.14534824394653
2014-06-12,158.10896866579242
2014-06-13,158.50154384559278
2014-06-16,158.55133617285026
2014-06-17,158.81097434230668
2014-06-18,159.73813204131534
2014-06-19,159.87834421142938
2014-06-20,160.12040861832438
2014-06-23,160.02762671060736
2014-06-24,158.90205556332415
2014-06-25,159.36861061455258
2014-06-26,159.16660682769017
2014-06-27,159.22055638910203
2014-06-30,158.98208232079486
2014-07-01,160.20534847070473
2014-07-02,160.39591986364275
2014-07-03,161.26534869746297
2014-07-07,160.84915286905849
2014-07-08,159.73813204131534
2014-07-09,160.484450054611
2014-07-10,159.81796983359726
2014-07-11,160.08951280995018
2014-07-14,161.14403304623218
2014-07-15,161.1937308908953
2014-07-16,161.92615996281168
2014-07-17,160.40130537152447
2014-07-18,161.5669371388403
2014-07-21,161.10916896889256
2014-07-22,161.6931658849807
2014-07-23,161.438913223406
2014-07-24,161.41217464918614
2014-07-25,160.2478656381921
2014-07-28,160.45591631109718
2014-07-29,159.79000298565
2014-07-30,159.49002074837773
2014-07-31,156.4943556098096
2014-08-01,155.8336388270553
2014-08-04,156.55085620127062
2014-08-05,155.22989504873414
2014-08-06,155.36094240718975
2014-08-07,154.6516615709054
2014-08-08,156.40582541884137
2014-08-11,156.55746998287975
2014-08-12,156.46827841375062
2014-08-13,157.33052657039522
2014-08-14,157.9142400387001
2014-08-15,157.4354967327919
2014-08-18,159.09678419041646
2014-08-19,159.8606759662735
2014-08-20,160.4232253334291
2014-08-21,160.99352227332685
2014-08-22,160.63193738449507
2014-08-25,161.34669821125553
2014-08-26,161.62853979039983
2014-08-27,161.7731926424514
2014-08-28,161.37220851174797
2014-08-29,161.55059165000625
2014-09-02,161.25873491585384
2014-09-03,161.36002025706824
2014-09-04,161.277820399926
2014-09-05,161.9182234248807
2014-09-08,161.67313557496436
2014-09-09,160.75145786643185
2014-09-10,161.26960041421168
2014-09-11,161.0833752206169
2014-09-12,160.5024017475501
2014-09-15,160.9146293069891
2014-09-16,161.86729730649026
2014-09-17,162.10237000139833
2014-09-18,163.13355303685958
2014-09-19,163.26346660418218
2014-09-22,162.25193594835957
2014-09-23,161.14828476298098
2014-09-24,162.6051118862883
2014-09-25,160.10831484623904
2014-09-26,161.68948106379847
2014-09-29,161.29331554541025
2014-09-30,161.02574083802287
2014-10-01,158.77525992161725
2014-10-02,158.7406792920608
2014-10-03,160.71196414196575
2014-10-06,160.5439740890933
2014-10-07,157.96913442605606
2014-10-08,160.56579956840352
2014-10-09,157.4009161032355
2014-10-10,156.31294902852997
2014-10-13,154.20570372525975
2014-10-14,154.15014795974287
2014-10-15,152.5113473595894
2014-10-16,152.27986500326912
2014-10-17,154.766363440527
2014-10-20,154.9483369173731
2014-10-21,156.98103545364876
2014-10-22,155.53082211195056
2014-10-23,157.5771261418222
2014-10-24,158.7818737032264
2014-10-27,158.9002603940302
2014-10-28,160.67473799976568
2014-10-29,160.37768472292038
2014-10-30,162.4667893680626
2014-10-31,164.3101447851277
2014-11-03,164.08074104588454
2014-11-04,164.24703041205748
2014-11-05,165.19837565523682
2014-11-06,165.85918692058553
2014-11-07,166.0430500493199
2014-11-10,166.41918525769185
2014-11-11,166.43014523864417
2014-11-12,166.40463493815173
2014-11-13,166.78813978888812
2014-11-14,166.61759870596643
2014-11-17,166.74052056130222
2014-11-18,167.11911231712895
2014-11-19,167.0993654548959
2014-11-20,167.41370904651947
2014-11-21,168.27406755127575
2014-11-24,168.34814190529826
2014-11-25,168.3201750573509
2014-11-26,168.4412072607984
2014-11-28,168.44583690792484
2014-12-01,167.95981844224656
2014-12-02,168.93062709987566
2014-12-03,169.24308103961087
2014-12-04,169.12478883140147
2014-12-05,169.6793071780317
2014-12-08,168.6748627167903
2014-12-09,168.19035597262277
2014-12-10,165.65775002928962
2014-12-11,166.2547855434072
2014-12-12,163.27376520697362
2014-12-15,162.32903374540345
2014-12-16,161.27111213572238
2014-12-17,163.9922108549163
2014-12-18,167.97257359249284
2014-12-19,168.22436970661266
2014-12-22,169.68544854666877
2014-12-23,170.29703438032647
2014-12-24,170.354101867354
2014-12-26,170.57613596423266
2014-12-29,170.429876908076
2014-12-30,169.90871091727485
2014-12-31,168.3969894066115
2015-01-02,168.4907161402727
2015-01-05,165.3601298568778
2015-01-06,164.13176164686942
2015-01-07,166.14310711680696
2015-01-08,169.19820180726302
2015-01-09,167.5872735724625
2015-01-12,166.67523308856042
2015-01-13,166.4186183621254
2015-01-14,164.6556676329087
2015-01-15,163.65056179350643
2015-01-16,165.4538565905389
2015-01-20,165.4884372200953
2015-01-21,165.85739175129157
2015-01-22,168.31110472828698
2015-01-23,166.97530980842708
2015-01-26,167.03294419102116
2015-01-27,164.27887104637585
2015-01-28,162.42852391732396
2015-01-29,164.55891745622625
2015-01-30,162.17890090287568
2015-02-02,164.031610096788
2015-02-03,166.9167305998889
2015-02-04,166.9792780773926
2015-02-05,168.98098632269966
2015-02-06,168.40851628313033
2015-02-09,167.51017577541867
2015-02-10,168.82868038050032
2015-02-11,168.76613290299662
2015-02-12,169.80770902384364
2015-02-13,170.25149376981773
2015-02-17,170.5182181338554
2015-02-18,170.350700493955
2015-02-19,169.93422121776732
2015-02-20,171.3955835056066
2015-02-23,171.17260458278378
2015-02-24,172.04515134221973
2015-02-25,172.19046557243226
2015-02-26,172.09456573909958
2015-02-27,171.32245397752828
2015-03-02,172.7957210722641
2015-03-03,171.99016247226936
2015-03-04,170.98420628951737
2015-03-05,171.35098772104206
2015-03-06,168.7154902323894
2015-03-09,170.02823139921162
2015-03-10,166.88403962222083
2015-03-11,166.62374007460346
2015-03-12,169.0786813253263
2015-03-13,167.70008579019574
2015-03-16,169.85532825142954
2015-03-17,168.64273863468875
2015-03-18,170.78853283648087
2015-03-19,169.68157476029762
2015-03-20,171.27474026734797
2015-03-23,171.16504597523047
2015-03-24,170.17392355980184
2015-03-25,167.4093628471763
2015-03-26,167.02850350908355
2015-03-27,167.35380708165943
2015-03-30,169.84484068344932
2015-03-31,167.9533936258263
2015-04-01,167.2169962849444
2015-04-02,167.83170004421788
2015-04-06,168.94290983714978
2015-04-07,168.8916057883817
2015-04-08,169.14755913665584
2015-04-09,169.67874028246516
2015-04-10,170.61336210643282
2015-04-13,169.85173791284168
2015-04-14,170.4154210711303
2015-04-15,171.1326384453456
2015-04-16,171.06801235076475
2015-04-17,168.42750728460803
2015-04-20,170.3986976519186
2015-04-21,169.59238319116855
2015-04-22,170.4302548384537
2015-04-23,170.6231882962521
2015-04-24,170.82585346127536
2015-04-27,170.4274203606212
2015-04-28,171.10930124452474
2015-04-29,170.40436660758357
2015-04-30,168.56186153386827
2015-05-01,170.2959950717879
2015-05-04,170.73382741431377
2015-05-05,169.39028492171175
2015-05-06,168.57565599265303
2015-05-07,169.35116912762334
2015-05-08,171.8743268115148
2015-05-11,171.06234339509976
2015-05-12,170.71332469132537
2015-05-13,170.64019516324706
2015-05-14,172.45189891118258
2015-05-15,172.64388754303687
2015-05-18,172.892565731541
2015-05-19,173.02021171659754
2015-05-20,172.76520319426757
2015-05-21,172.76841560247777
2015-05-22,172.26085510527253
2015-05-26,170.46115064682792
2015-05-27,171.60864175601577
2015-05-28,171.26028443040224
2015-05-29,170.16957736045867
2015-06-01,170.45009618328112
2015-06-02,170.1814821673551
2015-06-03,170.78928869723626
2015-06-04,169.17656529314172
2015-06-05,168.64632897327652
2015-06-08,167.86297378296968
2015-06-09,167.8392586517712
2015-06-10,170.07244925339856
2015-06-11,170.4406479238395
2015-06-12,169.112884024505
2015-06-15,168.09558993042302
2015-06-16,169.16617220775592
2015-06-17,169.46152479790175
2015-06-18,171.16315632334215
2015-06-19,170.21936968771615
2015-06-22,171.20038246554222
2015-06-23,171.42988068737978
2015-06-24,169.74809050676689
2015-06-25,169.03276278443985
2015-06-26,169.56488875619334
2015-06-29,166.25488002600162
2015-06-30,166.4737017146701
2015-07-01,167.78134082139388
2015-07-02,167.51867920891615
2015-07-06,167.07905169709642
2015-07-07,167.96085775078515
2015-07-08,165.49023238938923
2015-07-09,165.80391460285188
2015-07-10,167.804961469998
2015-07-13,169.85778479888438
2015-07-14,170.57490769050528
2015-07-15,170.54268912580926
2015-07-16,171.20482314747974
2015-07-17,170.88547197835217
2015-07-20,171.01736968015751
2015-07-21,169.3061009300867
2015-07-22,168.66125722319438
2015-07-23,167.5357805585055
2015-07-24,165.99202944833505
2015-07-27,164.7832191353709
2015-07-28,166.57536498626226
2015-07-29,167.71973816983436
2015-07-30,167.66862308625502
2015-07-31,167.1383867663899
2015-08-03,166.27235930596868
2015-08-04,165.8234724998961
2015-08-05,165.72691128840245
2015-08-06,164.58631740860702
2015-08-07,164.1482016182979
2015-08-10,166.43269626869338
2015-08-11,164.42654734144878
2015-08-12,164.423429415833
2015-08-13,164.4776624250281
2015-08-14,165.13100956541788
2015-08-17,165.77141259037262
2015-08-18,165.4516834908673
2015-08-19,163.91530202306132
2015-08-20,160.53244721257445
2015-08-21,155.51598834462715
2015-08-24,149.95663248916287
2015-08-25,148.02058964697525
2015-08-26,153.86972361951484
2015-08-27,157.3585879009369
2015-08-28,157.24747636990313
2015-08-31,156.16111549930272
2015-09-01,151.7234570047506
2015-09-02,154.49208046893602
2015-09-03,154.71298077468168
2015-09-04,152.13946386796624
2015-09-08,155.82711952804055
2015-09-09,153.5679462129487
2015-09-10,154.2938559858503
2015-09-11,155.2640977479129
2015-09-14,154.67707738880344
2015-09-15,156.8396894924017
2015-09-16,158.16339064017632
2015-09-17,157.5472696419866
2015-09-18,154.8057626823987
2015-09-21,155.99255855086375
2015-09-22,154.2945173640112
2015-09-23,153.81662440145274
2015-09-24,153.07427465712266
2015-09-25,154.14523486483318
2015-09-28,151.19000827667531
2015-09-29,151.6363440526986
2015-09-30,153.8620705293671
2015-10-01,153.7421721170526
2015-10-02,155.63522537878072
2015-10-05,158.50806314460752
2015-10-06,158.63807119452454
2015-10-07,159.79170367234948
2015-10-08,161.09990967463975
2015-10-09,161.4186939482009
2015-10-12,161.86625799795164
2015-10-13,161.3941284736526
2015-10-14,159.90942898499242
2015-10-15,161.9597012838295
2015-10-16,162.66095109958846
2015-10-19,162.79861223965324
2015-10-20,162.6717221153519
2015-10-21,162.21348153243213
2015-10-22,165.24212109645163
2015-10-23,166.7305998888885
2015-10-26,166.50714855309357
2015-10-27,166.11391199513227
2015-10-28,167.98551770792787
2015-10-29,167.761404993972
2015-10-30,166.8897085778858
2015-11-02,168.45075000283447
2015-11-03,169.29532991432322
2015-11-04,168.81753143435918
2015-11-05,168.77832115767634
2015-11-06,169.22144452548955
2015-11-09,167.52217506490956
2015-11-10,167.78417529922638
2015-11-11,167.25516725308867
2015-11-12,164.85389211599443
2015-11-13,162.93750165344542
2015-11-16,165.1840143008855
2015-11-17,165.2453335046618
2015-11-18,167.58528943797975
2015-11-19,167.54362261384207
2015-11-20,168.40398111859835
2015-11-23,168.1098568021799
2015-11-24,168.2941923438864
2015-11-25,168.30553025521638
2015-11-27,168.16475118953588
2015-11-30,167.42240144520574
2015-12-01,169.01377178296215
2015-12-02,167.51461645735625
2015-12-03,165.13356059546712
2015-12-04,168.6290386584984
2015-12-07,167.52245851269282
2015-12-08,165.98702187083097
2015-12-09,165.27178863109842
2015-12-10,166.0507976220621
2015-12-11,163.12618339449506
2015-12-14,164.10209411222266
2015-12-15,165.57989637149046
2015-12-16,167.69800717311858
2015-12-17,165.30523546952182
2015-12-18,161.8349842591998
2015-12-21,162.9977815486831
2015-12-22,164.56288572519173
2015-12-23,166.31402613010633
2015-12-24,165.8374559238697
2015-12-28,165.61164252321439
2015-12-29,167.43241660021394
2015-12-30,166.32593093700282
2015-12-31,164.63620421845891
2016-01-04,162.0276342692149
2016-01-05,162.11947135098777
2016-01-06,159.73709273277674
2016-01-07,156.02950124528058
2016-01-08,154.44550054988872
2016-01-11,154.9379438319873
2016-01-12,156.0495315552969
2016-01-13,152.60271202839013
2016-01-14,154.75351380768637
2016-01-15,151.05952781378616
2016-01-19,151.32351218258574
2016-01-20,148.9682500689723
2016-01-21,150.06368126863669
2016-01-22,152.05565780671887
2016-01-25,150.08767984761852
2016-01-26,152.75218349275698
2016-01-27,150.64739473694158
2016-01-28,151.83012785384673
2016-01-29,155.5778744439699
2016-02-01,155.41612024232901
2016-02-02,152.62283682100087
2016-02-03,154.353002089955
2016-02-04,155.1081069845313
2016-02-05,153.10876080408468
2016-02-08,151.4277264842271
2016-02-09,151.30801703710145
2016-02-10,150.36659246633585
2016-02-11,147.96144354287054
2016-02-12,150.9249845993371
2016-02-16,153.02788370326417
2016-02-17,155.46005464873264
2016-02-18,155.07834496729015
2016-02-19,154.87577428486128
2016-02-22,157.03630777138238
2016-02-23,155.25172052804433
2016-02-24,155.75446241293432
2016-02-25,157.76032789239568
2016-02-26,157.21875366120054
2016-02-29,156.05217706794056
2016-03-01,159.3456513441094
2016-03-02,159.66915974739138
2016-03-03,160.0903631532999
2016-03-04,160.68437522439618
2016-03-07,161.31910929368593
2016-03-08,160.28121799402112
2016-03-09,160.62381188137522
2016-03-10,160.57439748449542
2016-03-11,162.6358187294737
2016-03-14,162.78529019384052
2016-03-15,162.99693120533337
2016-03-16,163.69827550368672
2016-03-17,165.16965294653426
2016-03-18,166.3110971696794
2016-03-21,166.5148961258357
2016-03-22,166.12468301089572
2016-03-23,165.3690112207529
2016-03-24,165.49316134981615
2016-03-28,165.6789141304389
2016-03-29,166.60219804307653
2016-03-30,167.39160011942604
2016-03-31,167.09331856885325
2016-04-01,168.11051818034085
2016-04-04,167.5837777164691
2016-04-05,166.3207343943099
2016-04-06,167.38583668116658
2016-04-07,165.74098919497052
2016-04-08,166.0716782754281
2016-04-11,165.87751654390232
2016-04-12,167.43496763026315
2016-04-13,169.20207559363413
2016-04-14,169.37356150250002
2016-04-15,169.09984542647553
2016-04-18,170.10797470889912
2016-04-19,170.5750966556941
2016-04-20,170.97825388606913
2016-04-21,169.9035143745819
2016-04-22,170.10410092252806
2016-04-25,169.85362756473006
2016-04-26,169.97721079822676
2016-04-27,170.46124512942228
2016-04-28,168.46964652171778
2016-04-29,167.92996194241096
2016-05-02,169.0403213919932
2016-05-03,167.7152030053024
2016-05-04,166.77368395194236
2016-05-05,166.86297000366594
2016-05-06,167.61807489824227
2016-05-09,167.29003133042832
2016-05-10,169.39170216062797
2016-05-11,167.3392567621193
2016-05-12,167.4278814356819
2016-05-13,165.67825275227796
2016-05-16,167.33538297574822
2016-05-17,165.6277990468596
2016-05-18,165.5960528951357
2016-05-19,164.73418266886875
2016-05-20,165.35342159267418
2016-05-23,165.27774103454658
2016-05-24,167.29135408675018
2016-05-25,168.6656979051319
2016-05-26,168.44630932089692
2016-05-27,168.8708196176101
2016-05-31,168.0580803404397
2016-06-01,168.08141754126058
2016-06-02,168.54334294536264
2016-06-03,168.2457227729508
2016-06-06,169.315927119906
2016-06-07,169.48552337688352
2016-06-08,170.11638365980218
2016-06-09,169.92874122729108
2016-06-10,168.79636733320987
2016-06-13,167.54107158379284
2016-06-14,166.99628494438758
2016-06-15,166.66890275473455
2016-06-16,167.5469295046466
2016-06-17,166.9994973525977
2016-06-20,168.22503108477355
2016-06-21,168.45991481449292
2016-06-22,167.9978949277964
2016-06-23,170.17326218164092
2016-06-24,164.40680047921575
2016-06-27,161.94543441207261
2016-06-28,164.49155136640732
2016-06-29,167.18392737689862
2016-06-30,169.4071973061123
2016-07-01,169.5903045740914
2016-07-05,168.5628063598124
2016-07-06,169.29977059626077
2016-07-07,169.08491717655775
2016-07-08,171.455107540089
2016-07-11,172.21276346471456
2016-07-12,173.35354630969883
2016-07-13,173.5845562530471
2016-07-14,174.8533630134657
2016-07-15,174.94916836420398
2016-07-18,175.1050646449911
2016-07-19,175.35034146009622
2016-07-20,175.69066776518432
2016-07-21,174.95559318062428
2016-07-22,175.4622088518853
2016-07-25,174.7272287499197
2016-07-26,174.54478286010155
2016-07-27,174.52985461018372
2016-07-28,174.3803831458169
2016-07-29,174.1525856106788
2016-08-01,173.89058537636197
2016-08-02,173.03325031462703
2016-08-03,173.4228020514061
2016-08-04,173.39492968605325
2016-08-05,175.2040824039395
2016-08-08,175.06953918949054
2016-08-09,175.1050646449911
2016-08-10,174.75179422446797
2016-08-11,175.86536608226035
2016-08-12,175.51530806994737
2016-08-15,176.07823536748063
2016-08-16,175.2842981265991
2016-08-17,175.49140397356004
2016-08-18,175.71589461789353
2016-08-19,175.28949466929203
2016-08-22,175.0707674632179
2016-08-23,175.2397023420346
2016-08-24,174.61781790558544
2016-08-25,174.30536396585026
2016-08-26,173.8045117328486
2016-08-29,174.82104996617528
2016-08-30,174.36101421396148
2016-08-31,173.8562881945888
2016-09-01,174.0303251335039
2016-09-02,174.71683566453387
2016-09-06,175.15296732036026
2016-09-07,175.0397771722493
2016-09-08,174.60298413826206
2016-09-09,170.87602371891052
2016-09-12,173.14001564631764
2016-09-13,170.69934126735174
2016-09-14,170.39718593040791
2016-09-15,172.07623611578273
2016-09-16,171.23836446849762
2016-09-19,171.20406728672444
2016-09-20,171.29656574665816
2016-09-21,172.84362374763322
2016-09-22,173.77673385009015
2016-09-23,172.53891738064016
2016-09-26,170.96464839247315
2016-09-27,172.22570758014962
2016-09-28,173.27389748260578
2016-09-29,171.42402276652598
2016-09-30,172.980151096565
2016-10-03,172.46711060888362
2016-10-04,171.66022925256712
2016-10-05,172.72391430050754
2016-10-06,172.60552760970376
2016-10-07,172.3408818627433
2016-10-10,173.177525236301
2016-10-11,171.284283009384
2016-10-12,171.43110896110718
2016-10-13,171.0034807387783
2016-10-14,171.37612009115685
2016-10-17,170.8849995653801
2016-10-18,171.59872108360202
2016-10-19,171.98307627768813
2016-10-20,171.60259486997302
2016-10-21,171.4453758328641
2016-10-24,172.1759152528921
2016-10-25,171.66797682530927
2016-10-26,171.95199150412515
2016-10-27,171.67185061168033
2016-10-28,171.5916348890207
2016-10-31,171.41429105930106
2016-11-01,170.41920037490695
2016-11-02,169.6873381985571
2016-11-03,169.4136221225326
2016-11-04,169.01311040480127
2016-11-07,172.5214381006731
2016-11-08,173.2124837962351
2016-11-09,175.6402140597659
2016-11-10,177.7017297873386
2016-11-11,178.07758154792725
2016-11-14,178.27627844398506
2016-11-15,178.78998030982734
2016-11-16,178.27108190129215
2016-11-17,178.6081957981701
2016-11-18,178.26909776680938
2016-11-21,179.10772527484988
2016-11-22,179.74245934413963
2016-11-23,180.3028356116236
2016-11-25,180.9543875827195
2016-11-28,180.44191399060463
2016-11-29,180.66583773937165
2016-11-30,180.68454529306615
2016-12-01,181.33033382590258
2016-12-02,181.1271017653128
2016-12-05,181.56002101292904
2016-12-06,181.8958121534851
2016-12-07,184.70988174558482
2016-12-08,185.3258137785857
2016-12-09,186.66784454967706
2016-12-12,187.04180665837742
2016-12-13,188.12627787708945
2016-12-14,187.00495844655498
2016-12-15,187.56911401781562
2016-12-16,187.48568588694596
2016-12-19,187.86030937380718
2016-12-20,188.72539200828427
2016-12-21,188.41681185492007
2016-12-22,188.1987460270069
2016-12-23,188.3398085404707
2016-12-27,188.4459124940004
2016-12-28,187.39375432257873
2016-12-29,187.26242351633982
2016-12-30,186.72217204146654